功能名称,功能描述,是否完成,完成度,注意事项,备注,技术实现,测试状态,风险等级
用户认证-微信登录,微信小程序授权登录,是,90%,需要真机测试App端,小程序端已完成,uni.login + 微信认证,已通过,🟡 中风险
用户认证-手机号登录,手机号授权登录,否,0%,App端需要集成SDK,待开发,平台授权SDK,未测试,🔴 高风险
用户认证-账号密码登录,传统账号密码登录,是,100%,PC端已完整实现,直接使用,HTTP接口 + JWT,已通过,🟢 低风险
用户认证-登录状态管理,管理用户登录状态,是,100%,Pinia状态管理复用,多端同步,Pinia stores,已通过,🟢 低风险
拍卖系统-拍卖品列表,显示待拍卖和已成交列表,是,100%,秒杀场界面已实现,UniApp适配,WebSocket + API,已通过,🟢 低风险
拍卖系统-拍卖品详情,显示拍卖品详细信息,是,100%,拍品详情弹窗完成,详情展示,API调用,已通过,🟢 低风险
拍卖系统-出价功能,用户参与拍卖出价,是,90%,卡秒模式已支持,需优化体验,WebSocket + 业务逻辑,已通过,🟡 中风险
拍卖系统-拍卖聊天室,拍卖期间的实时聊天,是,100%,集成在拍卖页面,实时消息,WebSocket通信,已通过,🟢 低风险
拍卖系统-拍卖订阅,订阅拍卖开始通知,是,80%,从小程序订阅改为推送,需要推送集成,订阅消息→Push,部分测试,🟡 中风险
拍卖系统-卡秒模式,拍卖师开启卡秒模式,是,100%,状态管理逻辑完整,实时同步,WebSocket状态,已通过,🟢 低风险
拍卖系统-拍卖历史,查看拍卖成功记录,是,100%,个人中心可查看,列表展示,API调用,已通过,🟢 低风险
聊天系统-WebSocket连接,建立WebSocket连接,是,95%,连接管理完整,需优化稳定性,UniApp WebSocket API,已通过,🟡 中风险
聊天系统-私聊功能,一对一聊天,是,100%,支持文字和图片,消息同步,WebSocket + UI,已通过,🟢 低风险
聊天系统-群聊功能,多人群组聊天,是,100%,系统频道支持,频道管理,WebSocket + 频道,已通过,🟢 低风险
聊天系统-会话列表,显示所有会话,是,100%,聊天首页已实现,实时更新,WebSocket + 列表,已通过,🟢 低风险
聊天系统-联系人列表,好友列表显示,是,100%,联系人页面完整,列表展示,API调用,已通过,🟢 低风险
聊天系统-消息历史,获取历史消息,是,100%,分页加载支持,性能优化,API + 分页,已通过,🟡 中风险
聊天系统-消息撤回,撤回已发送消息,是,100%,简单逻辑实现,完全复用,WebSocket逻辑,已通过,🟢 低风险
聊天系统-表情包,发送表情,是,100%,表情选择器,基础功能,表情数据加载,已通过,🟢 低风险
聊天系统-图片消息,发送图片消息,是,90%,图片选择和上传,需优化上传,uni.chooseImage + 上传,已通过,🟡 中风险
交易站-帖子列表,显示交易帖子列表,否,0%,小程序端页面缺失,急需实现,列表+筛选功能,未测试,🔴 高风险
交易站-帖子搜索,搜索帖子功能,否,0%,依赖列表页面,待开发,搜索API,未测试,🟢 低风险
交易站-帖子分类,按分类筛选帖子,否,0%,依赖列表页面,待开发,分类筛选,未测试,🟢 低风险
交易站-帖子详情,显示帖子详细信息,是,100%,详情页面已完成,富文本展示,API + 详情展示,已通过,🟢 低风险
交易站-发布帖子,发布新帖子功能,否,0%,小程序端未实现,需要开发,表单+图片上传,未测试,🟡 中风险
交易站-编辑帖子,编辑已有帖子,否,0%,依赖发布功能,待开发,复用发布逻辑,未测试,🟡 中风险
交易站-删除帖子,删除帖子功能,否,0%,依赖列表页面,待开发,简单删除接口,未测试,🟢 低风险
用户管理-个人中心,显示用户信息,否,0%,小程序端页面缺失,急需实现,用户信息展示,未测试,🔴 高风险
用户管理-用户信息编辑,编辑用户资料,否,0%,依赖个人中心,待开发,表单验证,未测试,🟡 中风险
用户管理-余额管理,查看余额明细,是,50%,PC端已实现,小程序待适配,列表展示,部分测试,🟢 低风险
用户管理-保证金管理,查看保证金明细,是,50%,PC端已实现,小程序待适配,列表展示,部分测试,🟢 低风险
用户管理-充值功能,账户充值功能,是,80%,引导到PC端充值,小程序支付受限,小程序支付,部分测试,🔴 高风险
用户管理-提现功能,账户提现功能,是,100%,提现逻辑完整,业务逻辑,API接口,已通过,🟢 低风险
用户管理-用户列表,查看用户列表,是,100%,列表功能完整,简单展示,API + 列表,已通过,🟢 低风险
公告模块-公告列表,显示公告列表,是,100%,列表展示完整,简单列表,API调用,已通过,🟢 低风险
公告模块-公告详情,显示公告详情,是,100%,详情展示完整,富文本支持,uni.previewImage,已通过,🟢 低风险
平台适配-App平台配置,配置UniApp App平台,是,90%,manifest.json配置完成,条件编译,#ifdef MP-WEIXIN,已通过,🟡 中风险
平台适配-条件编译处理,处理平台差异,是,95%,条件编译广泛使用,平台判断,#ifdef #endif,已通过,🟢 低风险
平台适配-样式适配,rpx转px适配,是,90%,postcss自动转换,响应式单位,postcss-rem-to-responsive-pixel,已通过,🟢 低风险
平台适配-路由适配,微调路由跳转,是,95%,pages.json配置,参数调整,路由参数适配,已通过,🟢 低风险
测试上线-功能测试,完整功能测试,是,70%,核心功能已测试,覆盖面待完善,人工测试,部分通过,🟡 中风险
测试上线-iOS兼容性测试,iOS设备兼容性测试,否,20%,需要真机测试,iOS特定问题,多版本测试,未测试,🟡 中风险
测试上线-Android兼容性测试,Android设备兼容性测试,否,30%,需要真机测试,Android碎片化,多品牌测试,未测试,🟡 中风险
测试上线-性能测试,启动速度帧率内存测试,否,10%,性能基准待建立,性能指标,性能监控工具,未测试,🟡 中风险
测试上线-打包发布,打包APK和IPA文件,是,80%,HBuilderX云打包,配置待优化,云打包服务,部分测试,🟢 低风险
测试上线-应用商店提交,提交应用商店审核,否,0%,需要准备审核材料,审核准备,应用商店流程,未测试,🔴 高风险