任务阶段,任务编号,任务名称,优先级,预计工时,负责人,开始日期,截止日期,完成状态,验收标准,备注
Phase1-技术债务清理,T1.1,代码扫描-空catch块查找,🔴 最高,0.5天,,第1天,第1天,待开始,所有空catch块已定位,grep命令查找
Phase1-技术债务清理,T1.2,统一错误处理机制,🔴 最高,1天,,第1-2天,第2天,待开始,错误处理工具类完成,创建ErrorHandler工具类
Phase1-技术债务清理,T1.3,修复空catch块-聊天模块,🔴 最高,0.5天,,第2天,第2天,待开始,聊天模块空catch清零,优先修复聊天功能
Phase1-技术债务清理,T1.4,修复空catch块-拍卖模块,🔴 最高,0.5天,,第3天,第3天,待开始,拍卖模块空catch清零,次要优先级
Phase1-技术债务清理,T1.5,修复空catch块-交易站模块,🔴 最高,0.5天,,第3天,第3天,待开始,交易站模块空catch清零,最后修复
Phase1-技术债务清理,T1.6,WebSocket重连机制优化,🔴 最高,1天,,第4天,第5天,待开始,断线能自动重连,指数退避策略
Phase1-技术债务清理,T1.7,网络超时处理统一,🔴 最高,0.5天,,第5天,第5天,待开始,超时有友好提示,统一超时配置
Phase1-技术债务清理,T1.8,401认证失败处理,🔴 最高,0.5天,,第5天,第5天,待开始,认证失败正确处理,token刷新机制
Phase1-技术债务清理,T1.9,状态管理性能优化,🟡 重要,1天,,第6天,第6天,待开始,减少不必要重建,使用select方法
Phase1-技术债务清理,T1.10,内存管理优化,🟡 重要,1天,,第7天,第7天,待开始,内存使用稳定,资源及时释放
Phase2-功能完善,T2.1,群聊设置需求确认,🔴 最高,0.5天,,第8天,第8天,待开始,功能需求清单完成,确认小程序功能
Phase2-功能完善,T2.2,群聊设置页面开发,🔴 最高,1天,,第8-9天,第9天,待开始,群设置页面完成,UI和功能实现
Phase2-功能完善,T2.3,群聊设置测试验证,🔴 最高,0.5天,,第9天,第9天,待开始,功能测试通过,完整测试流程
Phase2-功能完善,T2.4,图片上传进度显示,🟡 重要,0.5天,,第10天,第10天,待开始,进度条显示完成,上传状态指示
Phase2-功能完善,T2.5,图片压缩优化,🟡 重要,0.5天,,第10天,第10天,待开始,图片压缩功能完成,控制大小和质量
Phase2-功能完善,T2.6,大图预览优化,🟡 重要,0.5天,,第10天,第10天,待开始,渐进式加载实现,优化预览体验
Phase2-功能完善,T2.7,消息状态显示,🟡 重要,0.5天,,第11天,第11天,待开始,状态图标和动画完成,发送状态清晰
Phase2-功能完善,T2.8,消息失败重发,🟡 重要,0.5天,,第11天,第11天,待开始,重发功能完成,失败能重发
Phase2-功能完善,T2.9,网络状态提示,🟡 重要,0.5天,,第11天,第11天,待开始,网络状态提示完成,断线有明确提示
Phase3-测试建设,T3.1,测试框架配置,🔴 最高,0.5天,,第12天,第12天,待开始,测试框架运行正常,flutter_test配置
Phase3-测试建设,T3.2,Provider状态管理测试,🔴 最高,1天,,第12-13天,第13天,待开始,Provider测试覆盖完成,核心状态逻辑
Phase3-测试建设,T3.3,Repository数据处理测试,🔴 最高,1天,,第13-14天,第14天,待开始,Repository测试覆盖完成,数据处理逻辑
Phase3-测试建设,T3.4,工具函数测试,🟡 重要,0.5天,,第14天,第14天,待开始,工具函数测试完成,常用工具类
Phase3-测试建设,T3.5,测试覆盖率分析,🟡 重要,0.5天,,第15天,第15天,待开始,覆盖率报告生成,目标60%+
Phase3-测试建设,T3.6,基础组件测试,🟡 重要,1天,,第15-16天,第16天,待开始,组件测试覆盖完成,自定义组件测试
Phase3-测试建设,T3.7,页面级测试,🟡 重要,1天,,第16-17天,第17天,待开始,关键页面测试完成,页面渲染和交互
Phase3-测试建设,T3.8,集成测试场景设计,🟢 一般,0.5天,,第17天,第17天,待开始,测试场景文档完成,核心业务流程
Phase3-测试建设,T3.9,集成测试实现,🟢 一般,1.5天,,第17-19天,第19天,待开始,集成测试脚本完成,端到端测试
Phase4-最终优化,T4.1,统一Loading组件,🟡 重要,1天,,第20天,第20天,待开始,统一加载组件完成,替换所有加载状态
Phase4-最终优化,T4.2,错误提示优化,🟡 重要,1天,,第21天,第21天,待开始,错误提示友好统一,统一错误样式
Phase4-最终优化,T4.3,UI细节打磨,🟢 一般,0.5天,,第21天,第21天,待开始,UI风格统一,间距字体颜色
Phase4-最终优化,T4.4,性能基准测试,🟡 重要,1天,,第22天,第22天,待开始,性能报告生成,启动时间和加载速度
Phase4-最终优化,T4.5,性能问题优化,🟡 重要,1天,,第22-23天,第23天,待开始,性能指标达标,启动<3秒
Phase4-最终优化,T4.6,技术文档更新,🟢 一般,0.5天,,第23天,第23天,待开始,技术文档完整,架构和API文档
Phase4-最终优化,T4.7,测试文档编写,🟢 一般,0.5天,,第23天,第23天,待开始,测试文档齐全,测试报告和用例
Phase4-最终优化,T4.8,用户文档编写,🟢 一般,0.5天,,第24天,第24天,待开始,用户文档易懂,用户指南和演示