功能类别,功能名称,功能描述,当前状态,完成度,未完成原因,预计工时(天),技术难度,风险等级,优先级,具体位置
核心功能,用户提现功能,用户账户余额提现到银行卡,未实现,0%,商户配置未完成,3-5,中等,🔴 高风险,P0,lib/presentation/pages/profile/profile_page.dart:679
核心功能,群聊设置功能,群聊参数设置和管理,未实现,0%,功能开发搁置,2-3,低,🔴 高风险,P1,lib/presentation/pages/chat/group_chat_page.dart:268
错误处理,空catch块修复,统一错误处理机制避免静默失败,部分完成,30%,开发规范不严格,5-7,中等,🔴 高风险,P0,多个Provider文件中
错误处理,网络异常处理,WebSocket重连和超时处理,部分完成,60%,处理逻辑不完善,3-4,中等,🟡 中风险,P1,websocket_service.dart等
错误处理,401认证失败处理,认证失效统一处理逻辑,部分完成,50%,处理逻辑简单,2-3,中等,🟡 中风险,P1,api_client.dart
测试覆盖,单元测试缺失,核心业务逻辑单元测试,未实现,5%,测试体系未建立,10-15,中等,🔴 高风险,P0,test/widget_test.dart仅11行
测试覆盖,集成测试缺失,用户流程和核心业务场景测试,未实现,0%,测试框架未搭建,7-10,高,🔴 高风险,P0,完全缺失
测试覆盖,Widget测试完善,UI组件和交互逻辑测试,部分完成,20%,仅基础组件测试,5-7,中等,🟡 中风险,P1,test目录
UI/UX,加载状态统一,统一加载指示器组件,部分完成,40%,分散实现不统一,2-3,低,🟡 中风险,P1,多处setState实现
UI/UX,错误提示优化,用户友好的错误提示信息,部分完成,30%,多处使用print输出,3-4,低,🟡 中风险,P1,错误处理代码中
UI/UX,图片缓存优化,大图片渐进式加载体验,部分完成,70%,缓存配置可能不够优化,2-3,低,🟢 低风险,P2,使用cached_network_image
性能优化,状态管理性能,避免不必要的Widget重建,部分完成,70%,ref.watch使用可能不当,3-5,中等,🟡 中风险,P1,多个Provider中
性能优化,内存管理优化,及时释放WebSocket和音频资源,部分完成,75%,可能存在未及时释放,2-3,中等,🟡 中风险,P1,push_service.dart等
性能优化,图片资源压缩,上传图片大小压缩处理,未实现,0%,图片压缩功能缺失,3-4,低,🟢 低风险,P2,图片上传逻辑中
安全权限,权限管理统一,统一权限检查和管理机制,部分完成,60%,权限逻辑分散,4-5,中等,🟡 中风险,P1,分散在各处
安全权限,输入验证加强,用户输入数据验证和过滤,部分完成,50%,验证逻辑较简单,3-4,中等,🟡 中风险,P1,表单输入处理
代码质量,代码重复消除,统一错误处理和API调用,部分完成,40%,多处重复代码,5-7,中等,🟢 低风险,P2,网络请求错误处理
代码质量,类型安全加强,减少dynamic类型使用提高安全性,部分完成,70%,部分代码缺乏类型,3-5,中等,🟢 低风险,P2,类型定义文件中
代码质量,代码注释完善,关键业务逻辑注释补充,部分完成,60%,注释覆盖度不够,2-3,低,🟢 低风险,P3,核心业务文件
国际化,多语言支持,应用国际化和本地化,未实现,0%,国际化体系未建立,5-8,中等,🟢 低风险,P3,需要完整国际化方案
可访问性,无障碍支持,屏幕阅读器等无障碍功能,未实现,0%,无障碍功能缺失,3-5,中等,🟢 低风险,P3,语义化标签等
性能监控,运行时性能监控,应用性能数据收集和分析,未实现,0%,监控体系未建立,4-6,高,🟢 低风险,P2,需要监控SDK集成
崩溃报告,崩溃信息收集,应用崩溃信息收集和上报,未实现,0%,崩溃收集机制缺失,3-4,中等,🟢 低风险,P2,需要崩溃收集服务
数据分析,用户行为分析,用户行为数据收集和分析,未实现,0%,分析体系未建立,5-7,高,🟢 低风险,P3,需要数据分析平台
缓存策略,智能缓存策略,数据缓存和同步策略优化,部分完成,60%,缓存策略不够智能,3-4,中等,🟢 低风险,P2,缓存失效机制
离线功能,离线模式支持,网络断开时的基本功能,未实现,0%,离线功能缺失,8-12,高,🟢 低风险,P3,需要完整离线方案
主题切换,深色模式支持,应用主题和深色模式,未实现,0%,主题切换功能缺失,2-4,低,🟢 低风险,P3,主题管理系统
字体优化,字体加载优化,自定义字体加载和优化,部分完成,70%,字体加载可能不够优化,1-2,低,🟢 低风险,P3,字体加载逻辑中
包体积优化,应用大小优化,减少应用包体积大小,部分完成,80%,包体积优化空间存在,2-3,中等,🟢 低风险,P2,资源压缩和混淆
启动速度,启动时间优化,应用冷启动时间优化,部分完成,75%,启动流程可能不够优化,3-5,中等,🟢 低风险,P2,启动流程优化
安全性,数据加密传输,敏感数据传输加密,部分完成,70%,加密策略可能不够完善,4-6,高,🟡 中风险,P1,加密算法和密钥管理
安全性,本地数据安全,本地存储数据安全保护,部分完成,60%,本地数据保护可能不够,3-4,中等,🟡 中风险,P1,数据存储加密