功能模块,功能名称,功能描述,小程序状态,Flutter状态,完成度,是否必须,未完成原因,预计工时,风险等级,备注
用户认证,微信登录,微信授权登录,✅ 已实现,✅ 已实现,100%,是,功能完整,0天,🟢 低风险,已完成迁移
用户认证,账号密码登录,传统登录方式,✅ 已实现,✅ 已实现,100%,是,功能完整,0天,🟢 低风险,已完成迁移
用户认证,登录状态管理,用户登录状态维护,✅ 已实现,✅ 已实现,100%,是,功能完整,0天,🟢 低风险,已完成迁移
聊天系统,WebSocket连接,实时通信连接,✅ 已实现,⚠️ 部分问题,85%,是,重连机制待完善,3天,🟡 中风险,网络异常处理
聊天系统,私聊功能,一对一聊天,✅ 已实现,✅ 已实现,100%,是,功能完整,0天,🟢 低风险,已完成迁移
聊天系统,群聊功能,多人群聊,✅ 已实现,✅ 已实现,100%,是,功能完整,0天,🟢 低风险,已完成迁移
聊天系统,群聊设置,群参数设置,✅ 已实现,❌ 未实现,0%,否,功能按钮无响应,2天,🔴 高风险,P1优先级
聊天系统,拍卖聊天室,拍卖专用聊天,✅ 已实现,✅ 已实现,100%,是,功能完整,0天,🟢 低风险,已完成迁移
聊天系统,消息历史,历史消息加载,✅ 已实现,✅ 已实现,100%,是,功能完整,0天,🟢 低风险,已完成迁移
聊天系统,图片消息,发送图片消息,✅ 已实现,⚠️ 需优化,90%,是,上传体验待优化,2天,🟡 中风险,进度显示完善
聊天系统,消息状态,消息发送状态,✅ 已实现,⚠️ 需优化,85%,是,状态UI待完善,2天,🟡 中风险,发送反馈优化
聊天系统,表情包,表情消息发送,✅ 已实现,✅ 已实现,100%,否,功能完整,0天,🟢 低风险,已完成迁移
拍卖系统,拍卖品列表,显示拍卖商品,✅ 已实现,✅ 已实现,100%,是,功能完整,0天,🟢 低风险,已完成迁移
拍卖系统,拍卖品详情,拍卖详细信息,✅ 已实现,✅ 已实现,100%,是,功能完整,0天,🟢 低风险,已完成迁移
拍卖系统,出价功能,用户参与出价,✅ 已实现,✅ 已实现,100%,是,功能完整,0天,🟢 低风险,已完成迁移
拍卖系统,卡秒模式,拍卖师卡秒功能,✅ 已实现,✅ 已实现,100%,是,功能完整,0天,🟢 低风险,已完成迁移
拍卖系统,拍卖状态,拍卖状态管理,✅ 已实现,✅ 已实现,100%,是,功能完整,0天,🟢 低风险,已完成迁移
拍卖系统,拍卖历史,历史拍卖记录,✅ 已实现,✅ 已实现,100%,否,功能完整,0天,🟢 低风险,已完成迁移
交易站,帖子列表,交易帖子展示,✅ 已实现,✅ 已实现,100%,是,功能完整,0天,🟢 低风险,已完成迁移
交易站,帖子详情,帖子详细内容,✅ 已实现,✅ 已实现,100%,是,功能完整,0天,🟢 低风险,已完成迁移
交易站,发布帖子,发布新帖子,✅ 已实现,✅ 已实现,100%,是,功能完整,0天,🟢 低风险,已完成迁移
交易站,编辑帖子,编辑已有帖子,✅ 已实现,✅ 已实现,100%,否,功能完整,0天,🟢 低风险,已完成迁移
交易站,搜索功能,帖子搜索功能,✅ 已实现,✅ 已实现,100%,是,功能完整,0天,🟢 低风险,已完成迁移
交易站,分类筛选,按分类筛选,✅ 已实现,✅ 已实现,100%,是,功能完整,0天,🟢 低风险,已完成迁移
公告模块,公告列表,显示公告列表,✅ 已实现,✅ 已实现,100%,是,功能完整,0天,🟢 低风险,已完成迁移
公告模块,公告详情,公告详细内容,✅ 已实现,✅ 已实现,100%,是,功能完整,0天,🟢 低风险,已完成迁移
推送通知,消息推送,推送通知功能,✅ 已实现,✅ 已实现,100%,是,功能完整,0天,🟢 低风险,已完成迁移
推送通知,消息接收,接收推送消息,✅ 已实现,✅ 已实现,100%,是,功能完整,0天,🟢 低风险,已完成迁移
推送通知,点击跳转,点击推送跳转,✅ 已实现,✅ 已实现,100%,是,功能完整,0天,🟢 低风险,已完成迁移
技术架构,错误处理,统一错误处理机制,❌ 未实现,❌ 大量空catch,30%,是,技术债务严重,7天,🔴 高风险,影响用户体验
技术架构,网络异常处理,网络连接异常处理,⚠️ 部分实现,⚠️ 需要完善,60%,是,重连机制不完善,3天,🟡 中风险,影响聊天稳定性
技术架构,测试覆盖,功能测试验证,❌ 未实现,❌ 覆盖率<5%,5%,是,测试体系未建立,15天,🔴 高风险,质量保证缺失
技术架构,性能优化,状态管理性能优化,⚠️ 部分优化,⚠️ 需要完善,70%,否,存在不必要重建,4天,🟡 中风险,性能体验优化
技术架构,内存管理,资源释放和内存优化,⚠️ 部分优化,⚠️ 需要完善,75%,否,可能存在泄漏,3天,🟢 低风险,长期稳定性
技术架构,UI一致性,加载和错误状态统一,⚠️ 部分统一,⚠️ 需要完善,60%,否,用户体验不一致,4天,🟢 低风险,体验细节优化