项目名称,功能模块,功能名称,功能描述,是否完成,完成度,技术实现,测试状态,平台差异,备注,风险等级,优先级
molitao_app,用户认证,微信登录,Flutter微信授权登录,是,100%,fluwx插件集成,已通过,原生SDK,完整微信生态,🟢 低风险,P0
molitao_app,用户认证,账号密码登录,传统账号密码登录,是,100%,HTTP接口+Dio,已通过,标准实现,JWT令牌管理,🟢 低风险,P0
molitao_app,用户认证,登录状态管理,自动登录和状态保持,是,100%,Riverpod状态管理,已通过,响应式管理,持久化存储,🟢 低风险,P0
molitao_app,用户认证,用户重定向,登录后页面跳转逻辑,是,100%,GoRouter路由管理,已通过,导航控制,权限验证,🟢 低风险,P1
molitao_app,聊天系统,WebSocket连接,Flutter WebSocket通信,是,95%,web_socket_channel插件,已通过,原生WebSocket,连接重连机制,🟡 中风险,P0
molitao_app,聊天系统,私聊功能,一对一聊天消息,是,100%,WebSocket+UI组件,已通过,完整实现,消息状态管理,🟢 低风险,P0
molitao_app,聊天系统,群聊功能,多人群组聊天,是,100%,频道管理模式,已通过,系统频道,拍卖行+大厅,🟢 低风险,P0
molitao_app,聊天系统,拍卖聊天室,拍卖期间实时聊天,是,100%,专用聊天室组件,已通过,拍卖集成,实时出价联动,🟢 低风险,P1
molitao_app,聊天系统,消息历史,历史消息加载,是,100%,分页加载机制,已通过,性能优化,本地缓存,🟢 低风险,P1
molitao_app,聊天系统,表情包,发送表情消息,是,100%,表情选择器组件,已通过,基础功能,表情数据包,🟢 低风险,P2
molitao_app,聊天系统,图片消息,发送图片消息,是,90%,图片选择+上传,部分测试,文件处理,上传进度显示,🟡 中风险,P1
molitao_app,聊天系统,消息状态,消息发送状态管理,是,85%,状态标记机制,部分测试,UI反馈,发送中/已发送,🟡 中风险,P1
molitao_app,拍卖系统,拍卖品列表,显示拍卖商品列表,是,100%,列表组件+API,已通过,实时更新,WebSocket推送,🟢 低风险,P0
molitao_app,拍卖系统,拍卖品详情,显示拍卖详细信息,是,100%,详情页面组件,已通过,富文本展示,图片轮播,🟢 低风险,P0
molitao_app,拍卖系统,出价功能,用户参与拍卖出价,是,90%,出价对话框,已通过,实时出价,价格验证,🟡 中风险,P0
molitao_app,拍卖系统,卡秒模式,拍卖师卡秒功能,是,100%,状态管理逻辑,已通过,倒计时显示,自动切换,🟢 低风险,P1
molitao_app,拍卖系统,拍卖状态,拍卖开始结束状态,是,100%,状态机管理,已通过,生命周期,状态同步,🟢 低风险,P0
molitao_app,拍卖系统,拍卖历史,查看历史拍卖记录,是,100%,历史记录列表,已通过,个人中心,成交记录,🟢 低风险,P2
molitao_app,拍卖系统,中间人列表,显示拍卖中间人,是,100%,列表展示组件,已通过,角色显示,权限控制,🟢 低风险,P2
molitao_app,交易站,帖子列表,显示交易帖子列表,是,100%,分页列表组件,已通过,分类筛选,搜索功能,🟢 低风险,P0
molitao_app,交易站,帖子详情,显示帖子详细内容,是,100%,详情页面组件,已通过,富文本渲染,图片预览,🟢 低风险,P0
molitao_app,交易站,发布帖子,发布新交易帖子,是,100%,表单+图片上传,已通过,编辑器集成,分类选择,🟢 低风险,P0
molitao_app,交易站,编辑帖子,编辑已有帖子,是,100%,复用发布组件,已通过,数据回填,权限验证,🟢 低风险,P1
molitao_app,交易站,删除帖子,删除自己的帖子,是,100%,删除确认对话框,已通过,权限控制,软删除机制,🟢 低风险,P1
molitao_app,交易站,分类筛选,按分类筛选帖子,是,100%,筛选器组件,已通过,多级分类,联动筛选,🟢 低风险,P1
molitao_app,交易站,搜索功能,搜索交易帖子,是,100%,搜索输入框,已通过,关键词搜索,实时搜索,🟢 低风险,P1
molitao_app,交易站,热词标签,显示热门搜索词,是,100%,标签云组件,已通过,数据统计,动态更新,🟢 低风险,P2
molitao_app,交易站,置顶帖子,显示置顶帖子,是,100%,列表排序逻辑,已通过,优先级显示,管理员设置,🟢 低风险,P2
molitao_app,推送通知,极光推送,集成极光推送服务,是,100%,jpush_flutter插件,已通过,原生推送,后台配置,🟢 低风险,P0
molitao_app,推送通知,消息接收,接收推送消息,是,100%,消息监听处理,已通过,前台处理,应用内外,🟢 低风险,P0
molitao_app,推送通知,点击跳转,点击推送跳转页面,是,100%,路由跳转逻辑,已通过,参数解析,深度链接,🟢 低风险,P0
molitao_app,推送通知,音频提醒,推送声音提醒,是,100%,音频播放服务,已通过,自定义音效,可配置,🟢 低风险,P1
molitao_app,推送通知,消息展示,推送消息UI展示,是,100%,通知栏样式,已通过,原生样式,系统兼容,🟢 低风险,P1
molitao_h5,用户认证,登录页面,H5登录界面,是,100%,UniApp页面,已通过,响应式设计,多端适配,🟢 低风险,P0
molitao_h5,用户认证,状态管理,登录状态管理,是,100%,Pinia存储,已通过,全局状态,持久化,🟢 低风险,P0
molitao_h5,用户认证,微信登录,微信授权登录,否,0%,需要集成,未测试,H5限制,技术方案待确定,🔴 高风险,P0
molitao_h5,用户认证,用户信息,用户信息管理,是,85%,API数据获取,部分测试,数据同步,头像上传,🟡 中风险,P1
molitao_h5,聊天系统,WebSocket连接,UniApp WebSocket,是,90%,uni.connectSocket,已通过,小程序API,跨平台,🟡 中风险,P0
molitao_h5,聊天系统,会话列表,显示聊天会话,是,100%,列表组件展示,已通过,实时更新,未读提醒,🟢 低风险,P0
molitao_h5,聊天系统,私聊功能,一对一聊天,是,100%,消息收发界面,已通过,UI完整,消息状态,🟢 低风险,P0
molitao_h5,聊天系统,群聊功能,多人群聊,是,100%,群聊界面实现,已通过,频道支持,拍卖集成,🟢 低风险,P0
molitao_h5,聊天系统,消息历史,历史消息加载,是,100%,分页加载实现,已通过,性能优化,本地缓存,🟢 低风险,P1
molitao_h5,聊天系统,图片消息,发送图片消息,是,80%,uni.chooseImage,部分测试,上传限制,文件大小,🟡 中风险,P1
molitao_h5,聊天系统,消息状态,消息状态显示,是,85%,发送状态标记,部分测试,UI反馈,网络异常,🟡 中风险,P1
molitao_h5,拍卖系统,拍卖聊天室,拍卖室聊天功能,是,100%,专用聊天界面,已通过,拍卖集成,实时出价,🟢 低风险,P0
molitao_h5,拍卖系统,拍卖列表,显示拍卖商品,是,75%,列表展示组件,部分测试,数据获取,实时更新,🟡 中风险,P0
molitao_h5,拍卖系统,中间人功能,拍卖中间人显示,是,100%,中间人列表,已通过,角色标识,权限控制,🟢 低风险,P1
molitao_h5,拍卖系统,拍卖状态,拍卖状态管理,是,80%,状态显示逻辑,部分测试,生命周期,状态同步,🟡 中风险,P0
molitao_h5,拍卖系统,出价功能,用户出价参与,是,70%,出价界面,部分测试,输入验证,价格限制,🟡 中风险,P0
molitao_h5,交易站,帖子列表,交易帖子列表,是,100%,分页列表组件,已通过,分类筛选,搜索功能,🟢 低风险,P0
molitao_h5,交易站,帖子详情,帖子详细内容,是,100%,详情页面展示,已通过,富文本解析,图片预览,🟢 低风险,P0
molitao_h5,交易站,发布帖子,发布新帖子,是,100%,表单提交页面,已通过,图片上传,分类选择,🟢 低风险,P0
molitao_h5,交易站,编辑帖子,编辑已有帖子,是,100%,复用发布页面,已通过,数据回填,权限验证,🟢 低风险,P1
molitao_h5,交易站,搜索功能,帖子搜索功能,是,100%,搜索输入框,已通过,关键词搜索,实时结果,🟢 低风险,P1
molitao_h5,交易站,分类筛选,分类筛选功能,是,100%,筛选器组件,已通过,多级联动,动态筛选,🟢 低风险,P1
molitao_h5,交易站,热词显示,热门搜索词,是,100%,热词标签云,已通过,数据统计,动态更新,🟢 低风险,P2
molitao_h5,推送通知,PWA推送,Web Push API集成,是,100%,Service Worker,已通过,VAPID密钥,权限管理,🟢 低风险,P0
molitao_h5,推送通知,权限管理,推送权限管理,是,100%,权限请求UI,已通过,用户友好,可配置,🟢 低风险,P0
molitao_h5,推送通知,消息处理,推送消息处理,是,100%,消息监听,已通过,后台处理,页面跳转,🟢 低风险,P0
molitao_h5,推送通知,ServiceWorker,服务工作线程,是,100%,SW注册管理,已通过,离线支持,缓存策略,🟢 低风险,P1